{
  "node_counts": [
    10,
    20,
    30,
    40,
    50
  ],
  "results": {
    "Dijkstra Matrix": [
      0.00012421607971191406,
      0.0007619857788085938,
      0.0027043819427490234,
      0.005037546157836914,
      0.00915980339050293
    ],
    "Dijkstra List": [
      5.030632019042969e-05,
      0.0002391338348388672,
      0.00046324729919433594,
      0.0009350776672363281,
      0.0013470649719238281
    ],
    "Bellman-Ford Matrix": [
      0.0008749961853027344,
      0.013089656829833984,
      0.05745220184326172,
      0.16945385932922363,
      0.4012608528137207
    ],
    "Bellman-Ford List": [
      0.0002090930938720703,
      0.0021741390228271484,
      0.007231712341308594,
      0.016951799392700195,
      0.03368520736694336
    ],
    "Bellman-Ford Edges": [
      0.0003139972686767578,
      0.0038614273071289062,
      0.011704683303833008,
      0.02784562110900879,
      0.056424617767333984
    ]
  }
}